{
  "accuracy": 0.940337224383917,
  "precision": 1.0,
  "recall": 0.005405405405405406,
  "f1": 0.010752688172043012,
  "roc_auc": 0.8583714794477126,
  "confusion_matrix": [
    [
      2899,
      0
    ],
    [
      184,
      1
    ]
  ]
}